{
"lengthUnit": "mil",
"remark": [],
"components": {
	"fields": ["COMPONENT_NO", "COMPONENT_NAME", "LAYER", "X_COORDINATE", "Y_COORDINATE", "ANGLE"],
	"rows": [
		[1, "P1", "T", 1140, -1395, 0],
		[2, "U1", "T", 64.05, -359.33, 0],
		[3, "U2", "T", 1255, -930, 0],
		[4, "U3", "T", 1255, -375, 0],
		[5, "PAD1", "T", 1140, -1395, 0],
		[6, "PAD1", "B", 1140, -1395, 0],
		[7, "PAD2", "T", 1040, -1395, 0],
		[8, "PAD2", "B", 1040, -1395, 0],
		[9, "PAD3", "T", 64.05, -1459.33, 0],
		[10, "PAD3", "B", 64.05, -1459.33, 0],
		[11, "PAD4", "T", 664.05, -1459.33, 0],
		[12, "PAD4", "B", 664.05, -1459.33, 0],
		[13, "PAD5", "T", 664.05, -459.33, 0],
		[14, "PAD5", "B", 664.05, -459.33, 0],
		[15, "PAD6", "T", 1255, -930, 0],
		[16, "PAD6", "B", 1255, -930, 0],
		[17, "PAD7", "T", 1055.0004, -930, 0],
		[18, "PAD7", "B", 1055.0004, -930, 0],
		[19, "PAD8", "T", 955.0006, -930, 0],
		[20, "PAD8", "B", 955.0006, -930, 0],
		[21, "PAD9", "T", 1255, -375, 0],
		[22, "PAD9", "B", 1255, -375, 0],
		[23, "PAD10", "T", 1055.0004, -375, 0],
		[24, "PAD10", "B", 1055.0004, -375, 0],
		[25, "PAD11", "T", 955.0006, -375, 0],
		[26, "PAD11", "B", 955.0006, -375, 0]
	]
},
"pins": {
	"fields": ["PIN_NO", "PIN_NAME", "PIN_X", "PIN_Y", "LAYER", "PIN_TYPE", "NET_NAME", "NET_TYPE", "PAD_SHAPE", "PAD_SIZEX", "PAD_SIZEY", "HOLE_SIZE", "HOLE_LEN", "PAD_ANGLE"],
	"rows": [
		[1, "P1_1", 1040, -1395, "T", "DIP", "GND", "GND", "R", 62, 62, 35, 35, 0],
		[2, "P1_1", 1040, -1395, "B", "DIP", "GND", "GND", "R", 62, 62, 35, 35, 0],
		[3, "P1_2", 1140, -1395, "T", "DIP", "VCC", "", "C", 62, 62, 35, 35, 0],
		[4, "P1_2", 1140, -1395, "B", "DIP", "VCC", "", "C", 62, 62, 35, 35, 0],
		[5, "U1_1", 64.05, -359.33, "T", "DIP", "NET_1", "", "C", 60, 60, 36, 36, 0],
		[6, "U1_1", 64.05, -359.33, "B", "DIP", "NET_1", "", "C", 60, 60, 36, 36, 0],
		[7, "U1_2", 64.05, -459.33, "T", "DIP", "NET_2", "", "C", 60, 60, 36, 36, 0],
		[8, "U1_2", 64.05, -459.33, "B", "DIP", "NET_2", "", "C", 60, 60, 36, 36, 0],
		[9, "U1_3", 64.05, -559.33, "T", "DIP", "NET_3", "", "C", 60, 60, 36, 36, 0],
		[10, "U1_3", 64.05, -559.33, "B", "DIP", "NET_3", "", "C", 60, 60, 36, 36, 0],
		[11, "U1_4", 64.05, -659.33, "T", "DIP", "NET_4", "", "C", 60, 60, 36, 36, 0],
		[12, "U1_4", 64.05, -659.33, "B", "DIP", "NET_4", "", "C", 60, 60, 36, 36, 0],
		[13, "U1_5", 64.05, -759.33, "T", "DIP", "NET_5", "", "C", 60, 60, 36, 36, 0],
		[14, "U1_5", 64.05, -759.33, "B", "DIP", "NET_5", "", "C", 60, 60, 36, 36, 0],
		[15, "U1_6", 64.05, -859.33, "T", "DIP", "NET_6", "", "C", 60, 60, 36, 36, 0],
		[16, "U1_6", 64.05, -859.33, "B", "DIP", "NET_6", "", "C", 60, 60, 36, 36, 0],
		[17, "U1_7", 64.05, -959.33, "T", "DIP", "NET_7", "", "C", 60, 60, 36, 36, 0],
		[18, "U1_7", 64.05, -959.33, "B", "DIP", "NET_7", "", "C", 60, 60, 36, 36, 0],
		[19, "U1_8", 64.05, -1059.33, "T", "DIP", "NET_8", "", "C", 60, 60, 36, 36, 0],
		[20, "U1_8", 64.05, -1059.33, "B", "DIP", "NET_8", "", "C", 60, 60, 36, 36, 0],
		[21, "U1_9", 64.05, -1159.33, "T", "DIP", "NET_9", "", "C", 60, 60, 36, 36, 0],
		[22, "U1_9", 64.05, -1159.33, "B", "DIP", "NET_9", "", "C", 60, 60, 36, 36, 0],
		[23, "U1_10", 64.05, -1259.33, "T", "DIP", "NET_10", "", "C", 60, 60, 36, 36, 0],
		[24, "U1_10", 64.05, -1259.33, "B", "DIP", "NET_10", "", "C", 60, 60, 36, 36, 0],
		[25, "U1_11", 64.05, -1359.33, "T", "DIP", "NET_11", "", "C", 60, 60, 36, 36, 0],
		[26, "U1_11", 64.05, -1359.33, "B", "DIP", "NET_11", "", "C", 60, 60, 36, 36, 0],
		[27, "U1_12", 64.05, -1459.33, "T", "DIP", "$1N380", "", "C", 60, 60, 36, 36, 0],
		[28, "U1_12", 64.05, -1459.33, "B", "DIP", "$1N380", "", "C", 60, 60, 36, 36, 0],
		[29, "U1_13", 664.05, -1459.33, "T", "DIP", "$1N455", "", "C", 60, 60, 36, 36, 0],
		[30, "U1_13", 664.05, -1459.33, "B", "DIP", "$1N455", "", "C", 60, 60, 36, 36, 0],
		[31, "U1_14", 664.05, -1359.33, "T", "DIP", "NET_12", "", "C", 60, 60, 36, 36, 0],
		[32, "U1_14", 664.05, -1359.33, "B", "DIP", "NET_12", "", "C", 60, 60, 36, 36, 0],
		[33, "U1_15", 664.05, -1259.33, "T", "DIP", "NET_13", "", "C", 60, 60, 36, 36, 0],
		[34, "U1_15", 664.05, -1259.33, "B", "DIP", "NET_13", "", "C", 60, 60, 36, 36, 0],
		[35, "U1_16", 664.05, -1159.33, "T", "DIP", "NET_14", "", "C", 60, 60, 36, 36, 0],
		[36, "U1_16", 664.05, -1159.33, "B", "DIP", "NET_14", "", "C", 60, 60, 36, 36, 0],
		[37, "U1_17", 664.05, -1059.33, "T", "DIP", "NET_15", "", "C", 60, 60, 36, 36, 0],
		[38, "U1_17", 664.05, -1059.33, "B", "DIP", "NET_15", "", "C", 60, 60, 36, 36, 0],
		[39, "U1_18", 664.05, -959.33, "T", "DIP", "NET_16", "", "C", 60, 60, 36, 36, 0],
		[40, "U1_18", 664.05, -959.33, "B", "DIP", "NET_16", "", "C", 60, 60, 36, 36, 0],
		[41, "U1_19", 664.05, -859.33, "T", "DIP", "NET_17", "", "C", 60, 60, 36, 36, 0],
		[42, "U1_19", 664.05, -859.33, "B", "DIP", "NET_17", "", "C", 60, 60, 36, 36, 0],
		[43, "U1_20", 664.05, -759.33, "T", "DIP", "NET_18", "", "C", 60, 60, 36, 36, 0],
		[44, "U1_20", 664.05, -759.33, "B", "DIP", "NET_18", "", "C", 60, 60, 36, 36, 0],
		[45, "U1_21", 664.05, -659.33, "T", "DIP", "NET_19", "", "C", 60, 60, 36, 36, 0],
		[46, "U1_21", 664.05, -659.33, "B", "DIP", "NET_19", "", "C", 60, 60, 36, 36, 0],
		[47, "U1_22", 664.05, -559.33, "T", "DIP", "NET_20", "", "C", 60, 60, 36, 36, 0],
		[48, "U1_22", 664.05, -559.33, "B", "DIP", "NET_20", "", "C", 60, 60, 36, 36, 0],
		[49, "U1_23", 664.05, -459.33, "T", "DIP", "GND", "GND", "C", 60, 60, 36, 36, 0],
		[50, "U1_23", 664.05, -459.33, "B", "DIP", "GND", "GND", "C", 60, 60, 36, 36, 0],
		[51, "U1_24", 664.05, -359.33, "T", "DIP", "NET_21", "", "C", 60, 60, 36, 36, 0],
		[52, "U1_24", 664.05, -359.33, "B", "DIP", "NET_21", "", "C", 60, 60, 36, 36, 0],
		[53, "U2_1", 1255, -930, "T", "DIP", "$1N455", "", "R", 60.2361, 60.2361, 40.1574, 40.1574, 0],
		[54, "U2_1", 1255, -930, "B", "DIP", "$1N455", "", "R", 60.2361, 60.2361, 40.1574, 40.1574, 0],
		[55, "U2_2", 1155.0002, -930, "T", "DIP", "NET_22", "", "C", 61.0235, 61.0235, 40.1574, 40.1574, 0],
		[56, "U2_2", 1155.0002, -930, "B", "DIP", "NET_22", "", "C", 61.0235, 61.0235, 40.1574, 40.1574, 0],
		[57, "U2_3", 1055.0004, -930, "T", "DIP", "VCC", "", "C", 61.0235, 61.0235, 40.1574, 40.1574, 0],
		[58, "U2_3", 1055.0004, -930, "B", "DIP", "VCC", "", "C", 61.0235, 61.0235, 40.1574, 40.1574, 0],
		[59, "U2_4", 955.0006, -930, "T", "DIP", "GND", "GND", "C", 61.0235, 61.0235, 40.1574, 40.1574, 0],
		[60, "U2_4", 955.0006, -930, "B", "DIP", "GND", "GND", "C", 61.0235, 61.0235, 40.1574, 40.1574, 0],
		[61, "U3_1", 1255, -375, "T", "DIP", "$1N380", "", "R", 60.2361, 60.2361, 40.1574, 40.1574, 0],
		[62, "U3_1", 1255, -375, "B", "DIP", "$1N380", "", "R", 60.2361, 60.2361, 40.1574, 40.1574, 0],
		[63, "U3_2", 1155.0002, -375, "T", "DIP", "NET_23", "", "C", 61.0235, 61.0235, 40.1574, 40.1574, 0],
		[64, "U3_2", 1155.0002, -375, "B", "DIP", "NET_23", "", "C", 61.0235, 61.0235, 40.1574, 40.1574, 0],
		[65, "U3_3", 1055.0004, -375, "T", "DIP", "VCC", "", "C", 61.0235, 61.0235, 40.1574, 40.1574, 0],
		[66, "U3_3", 1055.0004, -375, "B", "DIP", "VCC", "", "C", 61.0235, 61.0235, 40.1574, 40.1574, 0],
		[67, "U3_4", 955.0006, -375, "T", "DIP", "GND", "GND", "C", 61.0235, 61.0235, 40.1574, 40.1574, 0],
		[68, "U3_4", 955.0006, -375, "B", "DIP", "GND", "GND", "C", 61.0235, 61.0235, 40.1574, 40.1574, 0],
		[69, "PAD1_2", 1140, -1395, "T", "DIP", "VCC", "", "C", 62, 62, 35, 35, 0],
		[70, "PAD1_2", 1140, -1395, "B", "DIP", "VCC", "", "C", 62, 62, 35, 35, 0],
		[71, "PAD2_1", 1040, -1395, "T", "DIP", "GND", "GND", "R", 62, 62, 35, 35, 0],
		[72, "PAD2_1", 1040, -1395, "B", "DIP", "GND", "GND", "R", 62, 62, 35, 35, 0],
		[73, "PAD3_12", 64.05, -1459.33, "T", "DIP", "$1N380", "", "C", 60, 60, 36, 36, 0],
		[74, "PAD3_12", 64.05, -1459.33, "B", "DIP", "$1N380", "", "C", 60, 60, 36, 36, 0],
		[75, "PAD4_13", 664.05, -1459.33, "T", "DIP", "$1N455", "", "C", 60, 60, 36, 36, 0],
		[76, "PAD4_13", 664.05, -1459.33, "B", "DIP", "$1N455", "", "C", 60, 60, 36, 36, 0],
		[77, "PAD5_23", 664.05, -459.33, "T", "DIP", "GND", "GND", "C", 60, 60, 36, 36, 0],
		[78, "PAD5_23", 664.05, -459.33, "B", "DIP", "GND", "GND", "C", 60, 60, 36, 36, 0],
		[79, "PAD6_1", 1255, -930, "T", "DIP", "$1N455", "", "R", 60.2361, 60.2361, 40.1574, 40.1574, 0],
		[80, "PAD6_1", 1255, -930, "B", "DIP", "$1N455", "", "R", 60.2361, 60.2361, 40.1574, 40.1574, 0],
		[81, "PAD7_3", 1055.0004, -930, "T", "DIP", "VCC", "", "C", 61.0235, 61.0235, 40.1574, 40.1574, 0],
		[82, "PAD7_3", 1055.0004, -930, "B", "DIP", "VCC", "", "C", 61.0235, 61.0235, 40.1574, 40.1574, 0],
		[83, "PAD8_4", 955.0006, -930, "T", "DIP", "GND", "GND", "C", 61.0235, 61.0235, 40.1574, 40.1574, 0],
		[84, "PAD8_4", 955.0006, -930, "B", "DIP", "GND", "GND", "C", 61.0235, 61.0235, 40.1574, 40.1574, 0],
		[85, "PAD9_1", 1255, -375, "T", "DIP", "$1N380", "", "R", 60.2361, 60.2361, 40.1574, 40.1574, 0],
		[86, "PAD9_1", 1255, -375, "B", "DIP", "$1N380", "", "R", 60.2361, 60.2361, 40.1574, 40.1574, 0],
		[87, "PAD10_3", 1055.0004, -375, "T", "DIP", "VCC", "", "C", 61.0235, 61.0235, 40.1574, 40.1574, 0],
		[88, "PAD10_3", 1055.0004, -375, "B", "DIP", "VCC", "", "C", 61.0235, 61.0235, 40.1574, 40.1574, 0],
		[89, "PAD11_4", 955.0006, -375, "T", "DIP", "GND", "GND", "C", 61.0235, 61.0235, 40.1574, 40.1574, 0],
		[90, "PAD11_4", 955.0006, -375, "B", "DIP", "GND", "GND", "C", 61.0235, 61.0235, 40.1574, 40.1574, 0]
	]
}
}